TITULO_ORIGINAL;PUBLICO
INSIDE OUT 2;22201041
AVENGERS: ENDGAME;19361828
SPIDER-MAN: NO WAY HOME;17122520
THE LION KING;16055534
AVENGERS: INFINITY WAR;14286806
AVATAR: THE WAY OF WATER;11639907
NADA A PERDER;11418455
MINHA MÃE É UMA PEÇA 3;11376931
BARBIE;10709279
LILO & STITCH;10279684
THE INCREDIBLES 2;9711506
JOKER;9488050
MOANA 2;8999458
CAPTAIN MARVEL;8912389
DESPICABLE ME 3;8806062
MINHA MÃE É UMA PEÇA 2;8793951
JUSTICE LEAGUE;8479881
AQUAMAN;8449550
DOCTOR STRANGE IN THE MULTIVERSE OF MADNESS;8306633
THE FATE OF THE FURIOUS;8146005
BEAUTY AND THE BEAST;7942195
TOY STORY 4;7890748
DESPICABLE ME 4;7836262
ZOOTOPIA 2;7813091
FROZEN II;7803157
BLACK PANTHER;7388727
DEADPOOL & WOLVERINE;7380395
MINIONS: THE RISE OF GRU;6882626
WONDER WOMAN;6842440
SUICIDE SQUAD;6654251
THE SUPER MARIO BROS. MOVIE;6579883
WONDER;6572415
SPIDER-MAN: HOMECOMING;6569135
SPIDER-MAN: FAR FROM HOME;6498379
FAST X;6471185
MUFASA: THE LION KING;6443839
THOR: LOVE AND THUNDER;6358246
AVATAR: FIRE AND ASH;6283247
THOR: RAGNAROK;6232858
LOGAN;6172791
MICHAEL;6145313
THE DEVIL WEARS PRADA 2;6048257
HOW TO TRAIN YOUR DRAGON;5912940
THE BATMAN;5826347
AINDA ESTOU AQUI;5729127
BLACK PANTHER: WAKANDA FOREVER;5725873
MALEFICENT: MISTRESS OF EVIL;5703520
PUSS IN BOOTS: THE LAST WISH;5614071
A MINECRAFT MOVIE;5314329
JURASSIC WORLD: FALLEN KINGDOM;5293884
MINHA VIDA EM MARTE;5283211
HOTEL TRANSYLVANIA 3: SUMMER VACATION;5269036
NADA A PERDER 2;5257231
THE NUN;5136380
TOP GUN: MAVERICK;5027014
JUMANJI: WELCOME TO THE JUNGLE;4943907
THE SHACK;4931652
MOANA;4891736
ALADDIN;4771819
THE HOUSEMAID;4690289
THE CONJURING: LAST RITES;4622553
DEADPOOL 2;4578654
DOCTOR STRANGE;4568724
VENOM;4543417
SONIC THE HEDGEHOG 3;4441720
THE FANTASTIC FOUR: FIRST STEPS;4432323
FIFTY SHADES DARKER;4420164
GUARDIANS OF THE GALAXY VOL. 3;4362587
IT;4351454
SUPERMAN;4343828
RALPH BREAKS THE INTERNET;4335681
BLACK ADAM;4308622
O AUTO DA COMPADECIDA 2;4295597
FIFTY SHADES FREED;4281543
Mostras e Festivais;4240385
THE SUPER MARIO GALAXY MOVIE;4229898
THE LITTLE MERMAID;4131345
ELEMENTAL;4126806
FANTASTIC BEASTS AND WHERE TO FIND THEM;4097658
GUARDIANS OF THE GALAXY VOL.2;4050491
ETERNALS;4039576
AQUAMAN AND THE LOST KINGDOM;4019351
FAST & FURIOUS 9;4016723
VENOM: LET THERE BE CARNAGE;3962220
JURASSIC WORLD: DOMINION;3916180
THE SECRET LIFE OF PETS;3900062
HOW TO TRAIN YOUR DRAGON: THE HIDDEN WORLD;3887896
PIRATES OF THE CARIBBEAN: DEAD MEN TELL NO TALES;3521894
FANTASTIC BEASTS: THE CRIMES OF GRINDELWALD;3491862
STAR WARS: THE LAST JEDI;3429219
FERDINAND;3415890
JUMANJI: NEXT LEVEL;3301996
ANT-MAN AND THE WASP;3293202
JURASSIC WORLD: REBIRTH;3291238
SONIC THE HEDGEHOG 2;3156606
THE BOSS BABY;3108600
IT: CHAPTER TWO;3085536
BOHEMIAN RHAPSODY;3026839
SPIDER-MAN: ACROSS THE SPIDER-VERSE;3008555
THE FORGE;2991458
FALA SÉRIO, MÃE!;2989308
OPPENHEIMER;2979493
CAPTAIN AMERICA: BRAVE NEW WORLD;2958355
SONIC THE HEDGEHOG;2954247
IT ENDS WITH US;2947022
THE MUMMY;2943883
THE NUN 2;2939434
FIVE NIGHTS AT FREDDY'S;2933838
ANNABELLE: CREATION;2901277
SHAZAM!;2899490
TRANSFORMERS: THE LAST KNIGHT;2801115
STAR WARS: THE RISE OF SKYWALKER;2779762
KINGDOM OF THE PLANET OF THE APES;2728103
FAST & FURIOUS PRESENTS: HOBBS & SHAW;2716354
ROGUE ONE;2710461
ANT-MAN AND THE WASP: QUANTUMANIA;2695743
WAR FOR THE PLANET OF THE APES;2662563
SOUND OF FREEDOM;2652371
OS FAROFEIROS;2600060
SING;2586640
VENOM: THE LAST DANCE;2564582
FANTASTIC BEASTS: THE SECRETS OF DUMBLEDORE;2563650
MISSION: IMPOSSIBLE - FALLOUT;2513512
CARS 3;2467198
JOHN WICK: CHAPTER 4;2394933
O AGENTE SECRETO;2387428
DEMON SLAYER -KIMETSU NO YAIBA- THE MOVIE: INFINITY CASTLE;2300444
MINHA IRMÃ E EU;2288690
WONKA;2281003
SHANG-CHI AND THE LEGEND OF THE TEN RINGS;2161318
ANYONE BUT YOU;2140338
KUNG FU PANDA 4;2121971
ORPHAN: FIRST KILL;2117945
TURMA DA MÔNICA - LAÇOS;2116567
WONDER WOMAN 1984;2102838
THUNDERBOLTS*;2100554
JOKER: FOLIE À DEUX;2096153
GLADIATOR II;2091632
BLUE BEETLE;2086443
INFERNO;2065143
MISS PEREGRINE'S HOME FOR PECULIAR CHILDREN;2050508
THE HUNGER GAMES – BALLAD OF SONGBIRDS AND SNAKES;2039225
SPIDER-MAN: INTO THE SPIDER-VERSE;2038844
GODZILLA X KONG: THE NEW EMPIRE;2037258
PROJECT HAIL MARY;1980815
BIRDS OF PREY (AND THE FANTABULOUS EMANCIPATION OF ONE HARLEY QUINN);1974119
ASSASSIN'S CREED;1964476
COCO;1959630
WISH;1958274
FIVE NIGHTS AT FREDDY'S 2;1936822
THE SECRET LIFE OF PETS 2;1913532
BLACK WIDOW;1908831
THE FLASH;1901607
SNOW WHITE;1894243
OS FAROFEIROS 2;1879521
MISSION: IMPOSSIBLE - DEAD RECKONING PART ONE;1867127
GARFIELD;1844658
KONG: SKULL ISLAND;1835941
DE PERNAS PRO AR 3;1834595
DUMBO;1828012
FINAL DESTINATION: BLOODLINES;1819259
THE MEG;1813977
BAD BOYS: RIDE OR DIE;1798313
NOW YOU SEE ME: NOW YOU DON’T;1781326
ANNABELLE COMES HOME;1758904
TROLLS;1742891
M3GAN;1733690
BREAKTHROUGH;1703260
THE CONJURING: THE DEVIL MADE ME DO IT;1693228
É FADA!;1665150
X-MEN: DARK PHOENIX;1661517
THE EMOJI MOVIE;1657493
NOSSO LAR 2 - OS MENSAGEIROS;1618963
WOODY WOODPECKER;1600343
SCREAM 7;1598979
THE ADDAMS FAMILY;1595605
BUMBLEBEE;1591981
SING 2;1588780
DUNE: PART TWO;1574446
OS PARÇAS;1572787
BAD BOYS FOR LIFE;1520219
A QUIET PLACE;1502999
TROLLS BAND TOGETHER;1495957
THE GRINCH;1493866
SMALLFOOT;1473769
THE WILD ROBOT;1470491
FINDING DORY;1470272
UNCHARTED;1465812
RINGS;1465195
MISSION: IMPOSSIBLE - THE FINAL RECKONING;1461311
PAW PATROL: THE MIGHTY MOVIE;1453826
MAZE RUNNER: THE DEATH CURE;1438538
A QUIET PLACE: DAY ONE;1423244
THE GREAT WALL;1422753
F1 THE MOVIE;1415648
A STAR IS BORN;1411915
SMURFS: THE LOST VILLAGE;1397111
BEETLEJUICE BEETLEJUICE;1366107
MORBIUS;1361695
RAMPAGE;1361377
MIGRATION;1360379
POLÍCIA FEDERAL - A LEI É PARA TODOS;1359447
GLASS;1356049
LA LA LAND;1354615
ENCANTO;1349134
HOPPERS;1345511
THE SUICIDE SQUAD;1342052
TRANSFORMERS: RISE OF THE BEASTS;1341303
FIVE FEET APART;1335227
SMURFS;1306980
DETETIVES DO PRÉDIO AZUL 2 - O MISTÉRIO ITALIANO;1299093
THE LEGO BATMAN MOVIE;1295223
THE BLACK PHONE;1290182
OS PARÇAS 2;1289230
OCEAN'S 8;1283011
LIGHTYEAR;1277865
DRAGON BALL SUPER: BROLY;1264503
PASSENGERS;1264041
BOB MARLEY: ONE LOVE;1252600
THE MEG 2;1244783
XXX: RETURN OF XANDER CAGE;1227064
STORKS;1226754
THE MARVELS;1224493
THE SPONGEBOB MOVIE: SEARCH FOR SQUAREPANTS;1223404
ICE AGE: COLLISION COURSE;1220794
D.P.A. - DETETIVES DO PRÉDIO AZUL;1212046
THE WOMAN KING;1210668
SCREAM VI;1208584
POWER RANGERS;1205718
RESIDENT EVIL 6: THE FINAL CHAPTER;1190984
THE LEGEND OF TARZAN;1181549
TUDO POR UM POP STAR;1179829
BEN-HUR;1179621
1917;1168847
READY PLAYER ONE;1154900
WEAPONS;1133182
POKEMON DETECTIVE PIKACHU;1131827
MADAME WEB;1128680
MURDER ON THE ORIENT EXPRESS;1118876
HALLOWEEN;1102924
BALLERINA;1102881
ELVIS;1101703
EVIL DEAD RISE;1085321
CIVIL WAR;1083732
DUNGEONS & DRAGONS: HONOR AMONG THIEVES;1081390
THE BLACK PHONE 2;1072685
NO TIME TO DIE;1068907
INSIDIOUS: THE LAST KEY;1063610
UNDERWORLD: BLOOD WARS;1060975
TÔ RYCA!;1057108
ONCE UPON A TIME IN HOLLYWOOD;1053695
THE CHOSEN;1048855
Eventos Esportivos;1045502
THE MATRIX RESURRECTIONS;1030425
ALITA: BATTLE ANGEL;1024071
KINGSMAN: THE GOLDEN CIRCLE;1017917
SMILE;1015403
TERMINATOR: DARK FATE;1006359
ANACONDA;1002774
ABOMINABLE;1002403
HAPPY DEATH DAY;998540
INDIANA JONES AND THE DIAL OF DESTINY;997478
WICKED;995246
MEN IN BLACK INTERNATIONAL;994989
JOHN WICK 3: PARABELLUM;994883
BLADE RUNNER 2049;989218
CHICO BENTO E A GOIABEIRA MARAVIOSA;988453
TEEN TITANS GO! TO THE MOVIES;988049
SPLIT;984488
FURIOSA: A MAD MAX SAGA;983427
THE BAD GUYS 2;977742
PARASITE;951712
SKYSCRAPER;948394
SHAZAM! FURY OF THE GODS;945949
WICKED: FOR GOOD;945274
PETER RABBIT;929213
WUTHERING HEIGHTS;925567
KING ARTHUR: LEGEND OF THE SWORD;925281
IF;924530
NOSFERATU;923967
SCREAM;903428
RED ONE;903160
GEOSTORM;902337
TOMB RAIDER;887969
ROBIN HOOD;882778
DARK TOWER;879504
SPACE JAM: A NEW LEGACY;870423
THE ANGRY BIRDS MOVIE 2;867310
DC LEAGUE OF SUPERPETS;866470
THE SHAPE OF WATER;865923
MAMONAS ASSASSINAS O FILME;865270
SINNERS;852405
CREED III;847066
DOLITTLE;844650
THE NUTCRACKER AND THE FOUR REALMS;844639
NAPOLEON;843557
VAI QUE COLA 2 - O COMEÇO;842793
GODZILLA VS. KONG;840788
INSIDIOUS: THE RED DOOR;837397
THE CROODS: A NEW AGE;833381
DUNE;824850
THE EQUALIZER 2;822317
TURMA DA MÔNICA: LIÇÕES;818197
NOPE;817895
GEMINI MAN;815675
DUNKIRK;791222
WONDER PARK;788355
SAW X;786518
GRETEL & HANSEL (2020);784562
THE PREDATOR;783453
MAMMA MIA! HERE WE GO AGAIN;780500
TALK TO ME;779644
RAMBO: LAST BLOOD;774462
PAUL, APOSTLE OF CHRIST;765969
THE EXORCIST: BELIEVER;765143
STAR TREK BEYOND;758373
PAW PATROL: THE MOVIE;754066
HARRY POTTER AND THE PRISONER OF AZKABAN;750456
POOR THINGS;748999
THE POPE´S EXORCIST;735386
TICKET TO PARADISE;731326
WINCHESTER;729402
ROCKETMAN;727330
THE ACCOUNTANT;727126
OVERCOMER;726790
MEUS 15 ANOS;724430
VITÓRIA;722725
CONCLAVE;719981
GHOST IN THE SHELL;718923
KARDEC;714770
A MAN IN THE DARK;708278
BLAIR WITCH;705715
TEENAGE MUTANT NINJA TURTLES: MUTANT MAYHEM;699139
FREAKIER FRIDAY;698515
THE DRAMA;698063
HAN SOLO: A STAR WARS STORY;697285
LIGHTS OUT;696110
EQUALIZER 3;691658
THE ADDAMS FAMILY 2;677367
THE BOSS BABY: FAMILY BUSINESS;676099
CREED II;675519
INTERSTELLAR;672821
A DOG´S WAY HOME;659122
JACK REACHER: NEVER GO BACK;649486
BACURAU;648433
O VENDEDOR DE SONHOS;643178
THE GIRL ON THE TRAIN;636881
ALIEN: COVENANT;634909
BAYWATCH;633842
HOMEM COM H;632483
JIGSAW;627955
MARY MAGDALENE;627619
MORTAL KOMBAT 2;626367
TWISTERS;619771
YESTERDAY;618567
UMA QUASE DUPLA;616935
UM NAMORADO PARA MINHA MULHER;616663
BULLET TRAIN;612448
MATERIALISTS;612140
KARATE KID LEGENDS;606634
GREEN BOOK;605465
CARROSSEL 2 - O SUMIÇO DE MARIA JOAQUINA;603161
TAD THE LOST EXPLORER AND THE EMERALD TABLET;602137
A QUIET PLACE: PART II;601476
TRON: ARES;599829
ARRIVAL;597746
THE INVISIBLE MAN;597675
PREDATOR: BADLANDS;596285
MASTERMINDS;594163
HAPPY DEATH DAY 2U;591499
ALIEN: ROMULUS;591300
THE GREATEST SHOWMAN;590169
DORA AND THE LOST CITY OF GOLD;586838
BABY DRIVER;582557
THE MAGNIFICENT SEVEN;582043
CRUELLA;581275
O CANDIDATO HONESTO 2;574766
JASON BOURNE;573259
GABBY'S DOLLHOUSE: THE MOVIE;572891
STRANGE WORLD;571012
UM TIO QUASE PERFEITO;568584
THE CHOSEN: LAST SUPPER;567217
O SHAOLIN DO SERTÃO;566004
CAPTAIN UNDERPANTS: THE FIRST EPIC MOVIE;559707
TWILIGHT;554851
ELIO;553593
LONGLEGS;553173
AMERICAN MADE;548990
THE BFG;547053
PET SEMATARY;545674
EU FICO LOKO;542953
KNIVES OUT;537324
ELIS;536247
JOHN WICK: CHAPTER 2;533114
GODZILLA - KING OF THE MONSTERS;530733
ESCAPE ROOM;528610
DAVID;527952
HAMNET;526859
LOVE AGAIN;523198
GREENLAND 2: MIGRATION;521636
REGRETTING YOU;521305
TÔ RYCA! 2;516069
COMPANION;515592
MOTHER!;513221
TITANIC;511462
NOSSO SONHO;506867
LAST CHRISTMAS;506559
US;506056
SMILE 2;505378
GOAT;504482
SHERLOCK GNOMES;501609
THE BAD GUYS;501375
VALERIAN AND THE CITY OF A THOUSAND PLANETS;500153
A DOG´S PURPOSE;499229
ALPHA;498887
COMO SE TORNAR O PIOR ALUNO DA ESCOLA;497768
TRUTH OR DARE;495259
COLLATERAL BEAUTY;493986
LEE CRONIN'S THE MUMMY;493646
THE EXPENDABLES 4;491488
GHOSTBUSTERS: AFTERLIFE;491134
DIVÓRCIO;490755
THE LOST CITY;487213
GHOSTBUSTERS: FROZEN EMPIRE;483017
WE LIVE IN TIME;480469
THE STAR;479994
ANGEL HAS FALLEN;479403
CRÔ EM FAMILIA;477634
PAW PATROL: MIGHTYPUPS;477391
IMMACULATE;475352
MOONFALL;474295
THE POST;472779
THE SUBSTANCE;470232
SAI DE BAIXO, O FILME;467878
CINDERELA POP;466173
THE CIRCLE;464485
CHARLIE´S ANGELS;461687
ONWARD;456807
SLENDER MAN;453877
HARRY POTTER AND THE GOBLET OF FIRE;450641
KILLERS OF THE FLOWER MOON;446165
DADDY'S HOME 2;444978
THE BOY AND THE HERON;444216
TOM & JERRY;443720
FREE GUY;443530
MEAN GIRLS;438257
THE KING OF KINGS;437787
HOUSE OF GUCCI;437609
THE MOUNTAIN BETWEEN US;437162
THE WHALE;434589
THE POSSESSION OF HANNAH GRACE;428554
DIVALDO – O MENSAGEIRO DA PAZ;427175
VELHOS BANDIDOS;426575
DETETIVES DO PRÉDIO AZUL 3 - UMA AVENTURA NO FIM DO MUNDO;426109
OFFICE CHRISTMAS PARTY;424323
MICKEY 17;423072
KRAVEN THE HUNTER;422956
OS AVENTUREIROS - A ORIGEM;420637
OUIJA: ORIGIN OF EVIL;419112
HARRY POTTER AND THE PHILOSOPHER'S STONE;417408
PACIFIC RIM: UPRISING;416756
MEDIDA PROVISÓRIA;413503
DARKEST HOUR;409640
Shows e Musicais;408790
FLOW;408251
MARTY SUPREME;407281
SPIES IN DISGUISE;406884
HALLOWEEN KILLS;406403
ONE BATTLE AFTER ANOTHER;404828
TRANSFORMERS ONE;403638
HALLOWEEN ENDS;399801
TERRIFIER 3;395477
OS PENETRAS 2 - QUEM DÁ MAIS?;394807
REMINDERS OF HIM;394522
THE EXORCISM OF GOD;392858
TRAIN TO BUSAN;392263
EDUARDO E MÔNICA;391097
THREE BILLBOARDS OUTSIDE EBBING, MISSOURI;387822
BAGMAN;387620
THE LEGO MOVIE 2: THE SECOND PART;387614
DEMON SLAYER: KIMETSU NO YAIBA – TO THE HASHIRA TRAINING;386470
MARY POPPINS RETURNS;383712
I KNOW WHAT YOU DID LAST SUMMER;381237
HIDDEN FIGURES;381170
PERRENGUE FASHION;379529
AVATAR;378742
TROLLS WORLD TOUR;375042
ALLIED;373169
NERVE;370377
HOUSE WITH A CLOCK IN ITS WALLS;370265
PREY FOR THE DEVIL;368367
BRING HER BACK;367614
GET OUT;367454
ATOMIC BLONDE;367064
ARCA DE NOÉ;364258
INTERNET - O FILME;360524
THE MONKEY;358391
THE CURSE OF LA LLORONA;358158
AD ASTRA;357099
ONE PIECE FILM: RED;356024
SULLY;355733
THE FALL GUY;354495
GREENLAND;353749
CENTRAL INTELLIGENCE;351115
LITTLE WOMEN;348072
CHILD´S PLAY;344475
THE FIRST OMEN;344229
RED SPARROW;342134
LYLE, LYLE, CROCODILE;341993
GRAN TURISMO;340718
THE HEALER;340060
THE SHALLOWS;339984
BAGHEAD;339079
NEW MUTANTS;337711
THE WITCHES;336451
THE CHOSEN: ÚLTIMA CEIA;335414
MUMMIES;334663
THE COMMUTER;333245
THE LEGO NINJAGO MOVIE;332324
PAWS OF FURY: THE LEGEND OF HANK;331808
DRAGON BALL SUPER: SUPER HERO;330541
MORTAL ENGINES;330230
TADEO JONES 2: EL SECRETO DEL REY MIDAS;329407
THE OFFERING;328293
DOG MAN;326304
MONSTER TRUCKS;326225
INSTANT FAMILY;323853
GOOSEBUMPS 2: HAUNTED HALLOWEEN;323661
LOVE, SIMON;323436
KNOCK AT THE CABIN;322649
MECHANIC: RESSURRECTION;321477
SPEAK NO EVIL;321049
MOONLIGHT;320920
MASHA AND THE BEAR;318559
PLAYING WITH FIRE;315764
LINO - UMA AVENTURA DE SETE VIDAS;314311
THE SON OF BIGFOOT;312153
EVERYTHING EVERYWHERE ALL AT ONCE;311374
NEVESTA;309445
MARIGHELLA;308775
A MAN CALLED OTTO;308351
LIFE;307785
DEATH ON THE NILE;306633
ANORA;306572
THE CRUCIFIXION;306121
BRIDGET JONE'S BABY;304895
Jogos Eletrônicos;298714
DOCTOR SLEEP;298585
TENET;297631
NÃO SE ACEITAM DEVOLUÇÕES;296537
THE ACCOUNTANT 2;295351
EVIDÊNCIAS DO AMOR;295141
THE BEEKEEPER;289558
DUAS DE MIM;288872
A HAUNTING IN VENICE;288772
TERRIFIER 2;286697
FORD V FERRARI;286675
CHRISTOPHER ROBIN;284328
ZOMBIELAND: DOUBLE TAP;281443
O DOUTRINADOR - O FILME;279390
PINOCCHIO;275505
RESIDENT EVIL: WELCOME TO RACCOON CITY;275141
THE CREATOR;274338
PADDINGTON 2;274291
CAFÉ SOCIETY;274180
THE UNHOLY;273375
JUNGLE CRUISE;271551
THE NORTHMAN;270286
DEEPWATER HORIZON;269978
THE NAKED GUN;269795
GOD'S NOT DEAD: A LIGHT IN DARKNESS;269549
FIRST MAN;269334
FÉ PARA O IMPOSSÍVEL;268834
FERRARI;265900
PREDESTINADO: ARIGÓ E O ESPÍRITO DO DR. FRITZ;264013
SCOOB!;263533
JUJUTSU KAISEN 0: THE MOVIE;262892
HACKSAW RIDGE;262191
21 BRIDGES;262065
AFTER;261823
O FILME DA MINHA VIDA;261584
PLANE;258604
BINGO - O REI DAS MANHÃS;257893
BEAST;257215
JOJO RABBIT;257048
I WANNA DANCE WITH SOMEBODY;256636
GHOSTBUSTERS III;256180
KNIGHTS OF THE ZODIAC;255504
AQUARIUS;254690
UNTIL DAWN;253824
HONEST THIEF;252231
HARRY POTTER AND THE CHAMBER OF SECRETS;250930
GODZILLA MINUS ONE;250439
HEREDITARY;249986
WISH UPON;249865
I CAN ONLY IMAGINE;249630
28 YEARS LATER;248590
BABYGIRL;248404
JUNTOS E ENROLADOS;246785
SPIRAL - FROM THE BOOK OF SAW;246453
WRATH OF MAN;245752
MALIGNANT;243900
TOC - TRANSTORNADA, OBSESSIVA, COMPULSIVA;241526
THE HITMAN´S BODYGUARD;240896
PETE´S DRAGON;240669
ELA DISSE, ELE DISSE;240118
TRAP;239449
CHARMING;239143
CHAINSAW MAN – THE MOVIE: REZE ARC;238868
65;238193
ANATOMY OF A FALL;237980
MORTAL KOMBAT;237451
ME BEFORE YOU;237444
THE CROW;236871
M3GAN 2.0;236613
THE FAVOURITE;235546
RON'S GONE WRONG;234546
TAROT;232203
RUSALKA: OZERO MYORTVYKH;231028
ADRIFT;230817
THE KID WHO WOULD BE KING;227768
CRAWL;226288
THE HURRICANE HEIST;223677
A WORKING MAN;222990
FALLEN;221059
THE QUEEN´S CORGI;220908
PLAYMOBIL;220573
HUSTLERS;217688
DOLOR Y GLORIA;217611
HUNTER KILLER;216966
CORALINE 15TH ANNIVERSARY;216383
DON´T BREATHE 2;215844
VICE;214918
MUSSUM, O FILMIS;214464
SEARCHING;214418
FIREHEART;211735
PRÍNCIPE LU E A LENDA DO DRAGÃO;207382
DEN OF THIEVES 2: PANTERA;206855
NIGHT SWIM;202880
TURMA DA MÔNICA JOVEM - REFLEXOS DO MEDO;202604
INCIDENT IN A GHOSTLAND;201822
THE AUTOPSY OF JANE DOE;201108
OBSESSION;200923
ROBINSON CRUSOE;200716
COMO NOSSOS PAIS;200677
GAME NIGHT;199011
O SEQUESTRO DO VOO 375;198363
THE ART OF RACING IN THE RAIN;198359
LION;196982
OVERLORD;195898
HELL FEST;195786
THE AMATEUR;195522
TOM AND JERRY: FORBIDDEN COMPASS;194604
TÔ DE GRAÇA - O FILME;194463
THE KING'S MAN;194401
32 MALASAÑA STREET;194235
COLD PURSUIT (AKA HARD POWDER);193557
THE GREAT WALL OF CHINA: THE HIDDEN STORY;193466
SHELTER;193129
CARCEREIROS - O FILMES;192677
O ÚLTIMO AZUL;192565
MALICIOUS;191416
HELLBOY: THE CROOKED MAN;190924
AN INTERVIEW WITH GOD;190397
WOLF MAN;188610
NINGUÉM ENTRA, NINGUÉM SAI;188595
THE GIRL IN THE SPIDER´S WEB;188395
CLIFFORD THE BIG RED DOG;188243
THE GRUDGE;188115
CHALLENGERS;187661
BLACKKKLANSMAN;187539
GNOME ALONE;186557
BLOODSHOT;186322
SEND HELP;186289
PAW PATROL HOLIDAY SPECIAL 2025;186184
AFFEKSJONSVERDI;185542
THE WATCHERS;185424
CALL OF THE WILD;185381
PEQUENO SEGREDO;184647
THE PRODIGY;184617
THE ZONE OF INTEREST;183914
AIR;183711
BEFORE I FALL;182432
ABIGAIL;182259
PRIMATE;182105
ARGYLLE;180428
ESCAPE ROOM: TOURNAMENT OF CHAMPIONS;180258
SCARY STORIES TO TELL IN THE DARK;179636
MONSTER HUNTER;177956
BTS: YET TO COME IN CINEMAS;177797
OZZY;177611
CAUGHT STEALING;177423
DON'T WORRY DARLING;176094
IMAGINARY;175629
THE MULE;174408
THE DARKEST MINDS;174333
VIOLENT NIGHT;173945
AMITYVILLE: THE AWAKENING;173847
HELLBOY;173319
TAYLOR SWIFT - THE ERAS TOUR;173304
OLD;173081
THE ROSES;172544
GOSTO SE DISCUTE;171879
OS EXTERMINADORES DO ALÉM CONTRA A LOIRA DO BANHEIRO;171186
THANKSGIVING;170950
NO WAY UP;169402
CALL ME BY YOUR NAME;169200
Ó PAÍ, Ó 2;169141
THE TWILIGHT SAGA: NEW MOON;169036
A DOG'S JOURNEY;168361
THE STRANGERS: CHAPTER 1;168141
AMERICAN ASSASSIN;167643
CINE HOLLIÚDY 2 - A CHIBATA SIDERAL;165703
AFTER WE FELL;162771
MASHA AND THE BEAR - TWICE THE FUN;161294
AMBULANCE;160565
BOOK CLUB;160210
ARMOR;160095
AFTER EVER HAPPY;159698
BOMBSHELL;158971
THE BRIDE!;158678
THE WIFE;158399
Z;157740
CHOCANTE;156685
TOY STORY;156447
MEU NOME É GAL;156141
LEFT BEHIND: RISE OF THE ANTICHRIST;155944
THE MANDALORIAN & GROGU;155119
TUDO POR UM POP STAR 2;154891
WONDER WHEEL;154871
A WRINKLE IN TIME;154673
NIGHT OF THE ZOOPOCALYPSE;154514
47 METERS DOWN: UNCAGED;152297
THE SPY WHO DUMPED ME;151873
A BIG BOLD BEAUTIFUL JOURNEY;151359
DESAPEGA;150754
PETER RABBIT 2: THE RUNAWAY;149566
WIDOWS;148924
DEMON SLAYER: TO THE SWORDSMITH VILLAGE;148652
THE DEVIL'S DOORWAY;147685
IT LIVES INSIDE;147575
UNDERWATER;147430
AINBO - THE SPIRIT OF THE AMAZON;147354
HAPPY FAMILY;147107
WHERE THE CRAWDADS SING;146688
FÁTIMA, EL ÚLTIMO MISTERIO;146139
A RAINY DAY IN NEW YORK;146060
THE FIRST PURGE;145581
NADA É POR ACASO;145334
STRAY KIDS: THE DOMINATE EXPERIENCE;145037
MAXXXINE;144342
PADDINGTON IN PERU;144290
NUREMBERG;143565
NO HARD FEELINGS;143352
O DIÁRIO DE PILAR NA AMAZÔNIA;142332
FLATLINERS;141725
A COMPLETE UNKNOWN;141461
UMA ADVOGADA BRILHANTE;140216
HYPNOTIC;140035
LAND OF BAD;139882
DESCULPE O TRANSTORNO;139861
C.I.C - CENTRAL DE INTELIGÊNCIA CEARENSE;139858
FANTASY ISLAND;139519
INCARNATE;139322
NINGUÉM É DE NINGUÉM;139209
WHISTLE;137914
ROSARIO;137913
EARLY MAN;137836
SAUSAGE PARTY;136329
KUBO AND THE TWO STRINGS;135823
A SIMPLE FAVOR;135361
I FEEL PRETTY;135334
MIDWAY;134691
THE LONG WALK;134362
THE BRUTALIST;133084
MY LITTLE PONY - THE MOVIE;132947
COLD STORAGE;132557
DEATH WISH;132064
RENAISSANCE: A FILM BY BEYONCÉ;130897
ALL THE MONEY IN THE WORLD;130457
STAR WARS: EPISODE III - REVENGE OF THE SITH;130112
A VIDA INVISÍVEL;129546
AMSTERDAM;129130
RETURN TO SILENT HILL;128443
THE TURNING;128128
THE INVITATION (AKA BRIDE);127655
GOING IN STYLE;127348
O PALESTRANTE;126728
EU SOU MAIS EU;126311
THE NIGHT HOUSE;126137
THE RUNNING MAN;125962
PAST LIVES;125445
ALL FUN AND GAMES;124891
OPERATION FORTUNE: RUSE DE GUERRE;124720
MILE 22;124480
HAROLD AND THE PURPLE CRAYON;124016
LA ODISEA DE LOS GILES;123360
JUDY;122911
COUNTDOWN;122852
PLUFT, O FANTASMINHA;122735
EMILIA PÉREZ;122643
SECOND ACT;122509
FÉRIAS TROCADAS;122322
SNOW QUEEN 3;122103
JOHNNY ENGLISH STRIKES AGAIN;122068
EVERYTHING, EVERYTHING;121659
PERFECT DAYS;121621
LONG SHOT;121240
CRIME 101;121079
THE MENU;120837
THE FABELMANS;119435
DOWNSIZING;119072
I.T.;118807
THE LITTLE VAMPIRE 3D;118590
QUEEN OF SPADES: THROUGH THE LOOKING GLASS;117658
THE CASE FOR CHRIST;117227
O ÚLTIMO VIRGEM;117177
HIT MAN;116295
LOVING VINCENT;116235
O REI DA FEIRA;116220
EVERY DAY;116038
RUBY GILLMAN TEENAGE KRAKEN;115881
JUJUTSU KAISEN: EXECUTION;115634
13 EXORCISMOS;115589
HAIKYU!! THE DUMPSTER BATTLE;115481
HEBE - A ESTRELA DO BRASIL;115142
TOGETHER;115093
READY OR NOT 2: HERE I COME;114709
THE EXORCISM;114679
THE CALL;114018
THE ROOM NEXT DOOR;113556
PHANTOM THREAD;113044
MALASARTES E O DUELO COM A MORTE;112532
LAST SEEN ALIVE;112233
HAUNTED MANSION;112215
A SOGRA PERFEITA 2;111651
PEARL;111542
MINHA FAMA DE MAU;110005
BEFORE I WAKE;109410
BUGIGANGUE NO ESPAÇO;108948
THE WIZARD OF THE EMERALD CITY;108889
THE NUT JOB 2: NUTTY BY NATURE;107396
MERCY;107323
CUANDO ACECHA LA MALDAD;107002
BLINK TWICE;106418
BACK TO BLACK;106417
BODIES BODIES BODIES;106377
THE DISAPPOINTMENTS ROOM;106347
SPENCER;106145
VICTORIA AND ABDUL;106082
HEILSTATTEN;105932
DOWNTOWN ABBEY;105895
THE SNOW QUEEN: MIRRORLANDS;105757
JUST MERCY;105323
TIM BURTON'S CORPSE BRIDE;104143
LADY BIRD;104106
BORDERLANDS;103661
THE THREE MUSKETEERS: D’ARTAGNAN;103643
DRAGONKEEPER;103586
THE FALL;103319
SNOWDEN;103239
ONE LIFE;103139
AGENTES MUITO ESPECIAIS;102867
AS AVENTURAS DE POLIANA - O FILME;102865
CANDYMAN;102819
A CURE FOR WELLNESS;102396
ROCK DOG;102131
BLUE WHALE;101599
NOVOCAINE;101417
PARIS CAN WAIT;100785
MAYA THE BEE MOVIE 2 - THE HONEY GAMES;100583
FATHER FIGURES;100370
SPIRIT UNTAMED;100356
ANNA;100024
MIKE AND DAVE NEED WEDDING DATES;99633
SILVIO;99044
THE BEGUILED;98717
THE EMPTY MAN;98625
EVERYBODY KNOWS;97910
MALÊS;97710
ARTHUR THE KING;97316
CONSECRATION;97009
(DES)CONTROLE;95136
EXTREMELY WICKED, SHOCKINGLY, EVIL AND VILE;94785
28 YEARS LATER: THE BONE TEMPLE;93749
JOÃO, O MAESTRO;93516
CAPTAIN FANTASTIC;93406
THE RITUAL;93127
PRESENCE;92870
MAY DECEMBER;92641
ENTEBBE;92472
OS SALTIMBANCOS TRAPALHÕES - RUMO A HOLLYWOOD;92178
PERDIDA;92116
CATS IN THE MUSEUM;91964
MULHERES ALTERADAS;91662
MARTE UM;91549
COUP DE CHANCE;91502
UGLYDOLLS;91398
ANTLERS;90896
IN THE LOST LANDS;90652
BABYLON;90589
MMA - MEU MELHOR AMIGO;90410
MAYBE I DO;90383
THE HALLOW;89814
AFTER EVERYTHING;89612
THE WIDOW;89257
LATE NIGHT WITH THE DEVIL;89201
STRAYS;88791
THE AMAZING MAURICE;88764
THE HUSTLE;88378
TRAIN TO BUSAN PRESENTS: PENINSULA;88254
DEMON SLAYER: MUGEN TRAIN;88242
MISSING;87860
THE SMASHING MACHINE;87595
NOCTURNAL ANIMALS;87495
THE STRANGERS - CHAPTER 2;87460
MAURICIO DE SOUSA, O FILME;87324
BOSS LEVEL;87265
BAD MOMS;86955
MR. & MRS. ADELMAN;86699
GOD'S NOT DEAD: WE THE PEOPLE;86636
PEPPERMINT;86368
DRACULA: A LOVE TALE;86079
THE ICE ROAD;85684
CINDERELLA AND THE SECRET PRINCE;85600
O RASTRO;85448
AMOR.COM;85150
MANCHESTER BY THE SEA;85033
DROP;84996
BRIDGET JONES: MAD ABOUT THE BOY;84778
PRISCILLA;84300
UMA PITADA DE SORTE;83921
THE FOREIGNER;83884
CHORAR DE RIR;83685
RAYA AND THE LAST DRAGON;83464
THE LAST VOYAGE OF THE DEMETER;83445
HERETIC;83213
LIFE ITSELF;82989
JACKIE;82016
GOSTOSAS, LINDAS E SEXIES;81265
WOMAN OF THE HOUR;81240
THE BANISHING;80760
NIGHTMARE ALLEY;80210
MY FAIRY TROUBLEMAKER;80182
THE CONJURING 2;79560
SPY X FAMILY CODE: WHITE;79498
LUIS AND THE ALIENS;79212
BRIGHTBURN;79007
BLACKLIGHT;78768
D.P.A. - O FANTÁSTICO REINO DE ONDION;78755
MARY QUEEN OF SCOTS;78723
THE SLOTH LANE;78427
THE SNOW QUEEN AND THE PRINCESS;78206
MEMORY;77892
LUCCAS E GI EM: DINOSSAUROS;77530
DIARY OF A WIMPY KID: THE LONG HAUL;77504
SUGA - AGUST D TOUR ‘D-DAY’ THE MOVIE;77464
SADAKO DX;77313
THE TWIN;76816
THE BOOGEYMAN;76780
HOTEL MUMBAI;76660
MOLLY'S GAME;75503
THE ASSENT;75428
RICHARD JEWELL;75249
I STILL BELIEVE;75196
TAMO JUNTO;74983
THE HOLDOVERS;74737
THEY WILL KILL YOU;74616
OS SUBURBANOS - O FILME;74545
AFTERBURN;74508
BUGONIA;74418
PETS ON A TRAIN;74302
THE LORD OF THE RINGS : THE RETURN OF THE KING;74266
UM TIO QUASE PERFEITO 2;73358
AMELIA´S CHILDREN;73356
DOIS É DEMAIS EM ORLANDO;73119
I, DANIEL BLAKE;72887
THE BANSHEES OF INISHERIN;72826
FOLLOW ME;71898
NIEVE NEGRA;71618
PINOCCHIO: A TRUE STORY;70965
EL AMOR MENOS PENSADO;70960
BEM-VINDA A QUIXERAMOBIM;70633
LA NOCHE DE 12 AÑOS;70627
ABSOLUTION;70535
CORAZON DE PADRE;70520
THE LIGHTHOUSE;70150
FENCES;69835
ELIS & TOM, SÓ TINHA DE SER COM VOCÊ;69719
ROBERTO CARLOS EM JERUSALÉM;69641
DISOBEDIENCE;69574
THE 355;69050
BILLIE EILISH - HIT ME HARD AND SOFT: THE TOUR LIVE IN 3D;68960
DANGEROUS ANIMALS;68841
LOVING PABLO;68828
THE MEDIUM;68669
RICHARD THE STORK;68606
AFTERSUN;68508
SILENCE;68234
FLIGHT RISK;68230
FREAKY;68174
LORD OF THE RINGS: THE FELLOWSHIP OF THE RING;67985
CATS;67939
BACK TO THE FUTURE;67611
JEEPERS CREEPERS: REBORN;67243
THE PROFESSOR AND THE MADMAN;66546
INDEPENDENCE DAY RESURGENCE;66501
A SOGRA PERFEITA;66330
RED SHOES AND THE SEVEN DWARF;66166
WIDOW CLICQUOT;65915
GRACIE AND PEDRO: PETS TO THE RESCUE;65600
MIDSOMMAR;65586
CRAFT, THE;65447
IT WAS JUST AN ACCIDENT;65327
UMA MULHER SEM FILTRO;65030
THE INFILTRATOR;64538
BURN THE STAGE: THE MOVIE;64198
FINNICK;64040
UMA FADA VEIO ME VISITAR;63663
GOLDA;63508
SIMONAL;63503
THE FOUNDER;63370
SOUND OF HOPE: THE STORY OF POSSUM TROT;62804
PATRIOTS DAY;62412
THE LORD OF THE RINGS: THE TWO TOWERS;61765
ZICO - O SAMURAI DE QUINTINO;61550
MY PENGUIN FRIEND;61455
KIDNAP;61329
THE HAUNTING OF THE QUEEN MARY;61284
HERE;61154
O CORINGA DO CINEMA;61000
FÁTIMA;60941
GUARDIANS;60337
BED REST;59934
BLOOD FATHER;59917
TÁR;59687
ANA E VITÓRIA;59557
MULEQUE TÉ DOIDO 2 - A LENDA DE DOM SEBASTIÃO;58991
CHAOS WALKING;58902
WHITE BIRD;58397
MARIA;58284
O AMOR DÁ TRABALHO;58211
THE LAST DUEL;58197
DEN OF THIEVES;58168
COCAINE BEAR;58144
HOMEM ARANHA;57595
MARRY ME;57551
COBWEB;57051
THE HITMAN’S WIFE’S BODYGUARD;57005
ENTRE IRMÃS;56882
THE STRANGERS: PREY AT NIGHT;56461
KNOX GOES AWAY;56410
DEMAIN TOUT COMMENCE;56114
AT ETERNITY'S GATE;55671
FLY ME TO THE MOON;55659
KANDAHAR;55486
KING RICHARD;55381
NOBODY 2;55067
LICORICE PIZZA;55025
SHELBY OAKS;54954
MANBIKI KAZOKU;54848
10 LIVES;54776
MEGALOPOLIS;54704
KPOP DEMON HUNTERS;54660
WAR DOGS;54636
THE DEVIL CONSPIRACY;54411
MOTHER´S INSTINCT;54181
O PROCESSO;54167
THE WAR WITH GRANDPA;53897
STITCH HEAD;53565
NOW YOU SEE ME: THE SECOND ACT;53524
KÓBLIC;53449
HIGH SCHOOL MUSICAL 3: SENIOR YEAR;53342
TÁ ESCRITO;53254
DER TRAFIKANT;53042
UNFORGETTABLE;52636
BLACKPINK WORLD TOUR [BORN PINK] IN CINEMAS;52612
FANTASTICA;52545
47 METERS DOWN;52325
MOTEL DESTINO;52300
LORD OF THE RINGS: THE WAR OF THE ROHIRRIM;52273
DEVOTION;52178
A REAL PAIN;52137
KEEPER;51993
MARY;51990
ARGONUTS;51806
KINDS OF KINDNESS;51778
PAPILLON;51684
CHEF JACK, O COZINHEIRO AVENTUREIRO;51373
I, TONYA;51297
DEIXE-ME VIVER;51036
PAPAI É POP;50891
MAX STEEL;50825
RETRATOS FANTASMAS;50794
OS DEZ MANDAMENTOS;50787
JUNG KOOK: I AM STILL;50759
VOVÓ NINJA;50610
FINAL SCORE;50468
GOOD BOY;50331
X;50330
SICARIO 2: SOLDADO;50289
O GRANDE CIRCO MISTICO;50224
NORMAN: THE MODERATE RISE AND TRAGIC FALL OF A NEW YORK FIXER;50108
THE SHEEP DETECTIVES;50030
10 SEGUNDOS PARA VENCER;50009
BELFAST;49999
JOY RIDE;49991
KAIBUTSU;49639
BODYCAM;49520
NEVER LET GO;49497
THE WORST PERSON IN THE WORLD;49275
CAPHARNAÜM;49071
UN BEAU SOLEIL INTÉRIEUR;48985
TRIANGLE OF SADNESS;48961
ATTACK ON TITAN THE MOVIE: THE LAST ATTACK;48835
THE LIGHT BETWEEN OCEANS;48729
KILL BILL: THE WHOLE BLOODY AFFAIR;48117
DONA FLOR E SEUS DOIS MARIDOS;48082
COLD WAR;47920
ALARUM;47893
HOME AGAIN;47796
ELLE;47773
DIVINAS DIVAS;47658
BANDIDA;47642
ENALDINHO E O MISTÉRIO DA LAGOA.;47568
TEA PETS;47531
BIRTH OF THE DRAGON;47368
ASTEROID CITY;47171
RM: RIGHT PEOPLE, WRONG PLACE;47058
A COMÉDIA DIVINA;46680
CLOSE;46364
O PORTEIRO;46275
SLEEPING DOGS;46230
O NOME DA MORTE;46133
EXTRAÑA FORMA DE VIDA;46110
THE WHOLE TRUTH;46078
THE FOREVER PURGE;45944
SUZUME;45911
GRETA;45636
LAST NIGHT IN SOHO;45534
THE SNOWMAN;45272
BTS - BRING THE SOUL: THE MOVIE;45225
DEN SKYLDIGE;44573
REAL - O PLANO POR TRÁS DA HISTÓRIA;44494
LEAVE;44321
SKIPTRACE;44267
THE SPACE BETWEEN US;44217
ROOFMAN;44106
BTS PERMISSION TO DANCE ON STAGE - SEOUL: LIVE VIEWING;43370
A MENINA ÍNDIGO;43359
GOOD LUCK TO YOU, LEO GRANDE;43131
DECISION TO LEAVE;42643
WHY HIM?;42640
EL CIUDADANO ILUSTRE;42621
ON THE BASIS OF SEX;42540
T2 TRAINSPOTTING;42525
ROOM 203;42514
THE LIFE OF CHUCK;42120
EU E MEU AVÔ NIHONJIN;42078
RENFIELD;41971
WINNIE-THE-POOH: BLOOD AND HONEY 2;41927
SUPERTURNÊ - A PRIMEIRA E A ÚLTIMA NOITE;41915
BLACK BAG;41413
UN PROFIL POUR DEUX;41344
SAINT MICHAEL - MEET THE ANGEL;41240
NERUDA;41084
STING;40928
THE GOOD LIAR;40895
THE DESPERATE HOUR;40834
PARIS PIEDS NUS;40698
ALEMÃO 2;40525
JORGE DA CAPADÓCIA;40516
THE PROTEGE;40471
MADAME;40382
RETRIBUTION;40356
THE SQUARE;40174
DRAGON BALL DAIMA;40064
CRAZY RICH ASIANS;39982
O PACIENTE, O CASO TANCREDO NEVES;39945
UN SAC DE BILLES;39923
A QUIET PASSION;39883
UMA FAMÍLIA FELIZ;39702
GRANDE SERTÃO;39687
LA VILLA;39511
LIVE BY NIGHT;39442
MARIA DO CARITÓ;39408
HELL OR HIGH WATER;39343
THE INSULT;39221
BRAD´S STATUS;39197
A MELHOR MÃE DO MUNDO;39179
GABRIEL E A MONTANHA;38929
CODA;38921
GOOD FORTUNE;38874
THE COLOR PURPLE;38781
SHARK BAIT;38716
SIRÂT;38658
THREE THOUSAND YEARS OF LONGING;38584
SEE FOR ME;38535
TALVEZ UMA HISTÓRIA DE AMOR;38460
UN TRADUCTOR;38422
GUADALUPE - MADRE DELA HUMANIDAD;38347
GABY ESTRELLA;38288
WIND RIVER;38209
A BAD MOMS CHRISTMAS;38208
VERMIN;38125
THE NUTCRACKER AND THE MAGIC FLUTE;37992
AMOUREUX DE MA FEMME;37956
IT COMES AT NIGHT;37777
O MELHOR VERÃO DAS NOSSAS VIDAS;37715
THE PHOENICIAN SCHEME;37653
THE BOOKSHOP;37597
COLETTE;37463
PETE’S DRAGON;37414
LEGALIZE JÁ - AMIZADE NUNCA MORRE;37396
DONA LURDES, O FILME;37280
THE WOMAN IN THE YARD;37263
THE PURGE: ELECTION YEAR;37107
SOB PRESSÃO;37103
EL CIELO NO PUEDE ESPER@R;37065
BEAU IS AFRAID;36997
SILENT NIGHT, DEADLY NIGHT;36826
SPUTNIK;36783
A PRÓPRIA CARNE;36758
AFTER THE HUNT;36519
PASSENGER;36383
NAS ONDAS DA FÉ;36194
PRINCESA ADORMECIDA;36134
AFTER THE WEDDING;35998
ME TIRA DA MIRA;35870
BOOK CLUB: THE NEXT CHAPTER;35849
HOW TO MAKE A KILLING;35725
THE 15:17 TO PARIS;35711
THE POT AU FEU;35605
A BEAUTIFUL DAY IN THE NEIGHBORHOOD;35544
BENZINHO;35498
MA;35442
CHACRINHA, O VELHO GUERREIRO;35343
SORRY WE MISSED YOU;35320
DIE UNSICHTBAREN;35189
LOU (2016);35135
THE NICE GUYS;35029
REPLICAS;34972
DARK WATERS;34970
WEST SIDE STORY;34732
WOMEN TALKING;34730
AUTHENTIC GAMES NO IMPÉRIO DESCONECTADO;34716
ALTO KNIGHTS;34716
MIA AND THE WHITE LION;34703
BREATHE;34696
TO CATCH A KILLER (MISANTHROPE);34665
SE7EN;34630
WAKE UP;34383
THE DAY THE EARTH BLEW UP: A LOONEY TUNES MOVIE;34364
TEENAGE MUTANT NINJA TURTLES: OUT OF THE SHADOWS;34286
JULIETA;34244
RED JOAN;34224
THE LOST CITY OF Z;34193
THE CAKEMAKER;34175
THE STRANGERS: CHAPTER 3;34173
IN THE GREY;34030
LA DERNIÈRE FOLIE DE CLAIRE DARLING;33947
UNA MUJER FANTÁSTICA;33932
PORTRAIT DE LA JEUNE FILLE EN FEU;33766
FIRESTARTER;33679
THE YOUNG KARL MARX;33622
D'APRÈS UNE HISTOIRE VRAIE;33612
RIO DE SANGUE;33576
THE SILK ROAD RALLY;33562
HISTORIETAS ASSOMBRADAS - O FILME;33494
GULLIVER RETURNS;33390
NINE LIVES;33372
NOMADLAND;33359
GRAND PRIX OF EUROPE;33163
THE WALL;33104
KEYKE MAHBOOBE MAN;33015
FALLEN LEAVES;32987
A HOLOGRAM FOR THE KING;32838
THE FRENCH DISPATCH;32822
STAR WARS: EPISODE I - THE PHANTOM MENACE;32718
THE MATRIX;32641
TULLY;32618
THE PARTY;32376
ORDINARY ANGELS;32370
MARLOWE;32286
CHURCHILL;32250
THE BIG SHRINK;32049
MARK FELT;31833
SKJELVET;31802
RITAS;31758
LOCKED;31716
CORAÇÃO DE COWBOY;31599
FRANKENSTEIN;31586
STRANGE DARLING;31383
PASSAGRANA;31366
QUEER;31329
ENTRE IDAS E VINDAS;31309
MIDNIGHT SUN;31265
PROJECT GEMINI;31226
MONKEY MAN;31159
LIGHT OF THE WORLD;31028
UM PAI EM APUROS;31009
THE COUNT OF MONTE CRISTO;30853
IRON LUNG;30777
SMALL THINGS LIKE THESE;30766
BTS 2019 'SPEAK YOURSELF' LONDON REMASTERED;30732
DOIDAS E SANTAS;30600
SAMSON;30583
2:22;30531
AXÉ - CANTO DO POVO DE UM LUGAR;30508
THE LEISURE SEEKER;30461
GLORIA BELL;30281
TUDO ACABA EM FESTA;30223
ADVOGADO DE DEUS;30175
12 STRONG;30057
BTS WORLD TOUR LOVE YOURSELF IN SEOUL;29941
PROTECTOR;29885
DIGIMON ADVENTURE 02: THE BEGINNING;29877
MINHA FAMILIA PERFEITA;29856
REMINISCENCE;29843
DOG;29775
BEAUTIFUL DISASTER;29713
MY HERO ACADEMIA: WORLD HEROES' MISSION;29699
EL ÁNGEL;29644
10 HORAS PARA O NATAL;29603
TURMA DO PAGODE PART. AVIÕES DO FORRÓ - PUXA, AGARRA E BEIJA;29538
BONES AND ALL;29410
BEAUTIFUL WEDDING;29137
SUBURBICON;29129
DRIVE MY CAR;29047
BATMAN VS SUPERMAN;28995
LE BRIO;28938
WHERE´D YOU GO, BERNADETTE;28818
MILTON BITUCA NASCIMENTO;28685
ACAMPAMENTO INTERGALÁCTICO;28632
LE GRAND BAIN;28608
WINNIE-THE-POOH: BLOOD AND HONEY;28577
CZYSCIEC;28460
#RUNSEOKJIN_EP.TOUR IN AMSTERDAM: LIVE VIEWING;28340
METAMORPHOSIS;28312
EL GALLO CON MUCHOS HUEVOS;28265
ALGUÉM COMO EU;28247
THE KITCHEN;28243
THE BIKERIDERS;28216
LA NIÑA DE LA COMUNIÓN;28206
BORDER;27916
MORTO NÃO FALA;27896
RIFKIN´S FESTIVAL;27679
BETTER MAN;27677
J-HOPE TOUR 'HOPE ON THE STAGE' THE MOVIE;27522
ERA O HOTEL CAMBRIDGE;27399
ESTÔMAGO 2 - O PODEROSO CHEF;27382
OOOPS! THE ADVENTURE CONTINUES;27318
MAIS FORTE QUE O MUNDO - A HISTÓRIA DE JOSÉ ALDO;27267
IT MUST BE HEAVEN;27247
AUMENTA QUE É ROCK'N'ROLL;27196
45 DO SEGUNDO TEMPO;27162
THE PORTABLE DOOR;27015
AOS TEUS OLHOS;26958
PATERSON;26788
TODAS AS CANÇÕES DE AMOR;26753
O ROUBO DA TAÇA;26663
DIVINO AMOR;26663
YOU WERE NEVER REALLY HERE;26660
THE BLACK DEMON;26525
RED NOTICE;26485
WICKED LITTLE LETTERS;26448
THOSE WHO WISH ME DEAD;26351
THE LAST SUPPER;26335
TILL DEATH;26176
UNPLANNED;26154
J-HOPE TOUR 'HOPE ON THE STAGE' IN JAPAN: LIVE VIEWING;26147
SILENT NIGHT;26127
SOCORRO, VIREI UMA GAROTA!;26121
THE UNBEARABLE WEIGHT OF MASSIVE TALENT;26098
COME AWAY;25960
CONCRETE UTOPIA;25825
YAGA. KOSHMAR TYOMNOGO LESA;25810
CAINDO NA REAL;25728
ROCK DOG 3: BATTLE THE BEAT;25718
LADY MACBETH;25716
THE SALESMAN;25688
FERRUGEM;25602
BABY;25567
IN THE FADE;25494
DIE MY LOVE;25415
GEUGJANGPAN SYUPEO WINGSEU: MAEGSIMEOM SEUPIDEU;25388
NOSSO LAR;25249
BEN IS BACK;25206
NEZHA: MO TONG NAO HAI;25155
DORA MAGIC MERMAID ADVENTURES;25145
TAG;25114
YOU ARE THE APPLE OF MY EYE;25107
I BELIEVE;25097
LE DERNIER SOUFFLE;25079
ONCE UPON A DEADPOOL;25069
DUMB MONEY;25046
THE APPRENTICE;24965
ISLE OF DOGS;24764
THE GLASS CASTLE;24737
HOW TO BE A LATIN LOVER;24685
GATO GALACTICO E O FEITIÇO DO TEMPO;24581
THE TWILIGHT SAGA: BREAKING DAWN PART 1;24363
SING SING;24339
THE HOUSE THAT JACK BUILT;24319
MAYA THE BEE 3: THE GOLDEN ORB;24297
AMARRAÇÃO DO AMOR;24272
YAO;24260
THE SHINING;24176
THE INSEPARABLES;24137
I AM NOT YOUR NEGRO;24058
EL CUENTO DE LAS COMADREJAS;24014
MOONAGE DAYDREAM;23918
MULHOLLAND DR.;23847
MULEQUE TÉ DOIDO! - MAIS DOIDO AINDA;23748
HELP, I SHRUNK MY TEACHER;23705
CORAZON ARDIENTE;23691
SERENITY;23480
THE FLORIDA PROJECT;23456
DOWNTON ABBEY: A NEW ERA;23406
LES MISÉRABLES;23317
DEN STYGGE STESØSTEREN;23289
LOVE LIES BLEEDING;23238
PORTA DOS FUNDOS - CONTRATO VITALÍCIO;23209
CATS AND DOGS 3: PAWS UNITE!;23159
ETERNITY;23103
O FILHO ETERNO;23095
A JAULA;23083
CAPTIVE STATE;23028
AMANT DOUBLE;23018
ALICE THROUGH THE LOOKING GLASS;22938
MULEQUE TÉ DOIDO 4 - MORREU MARIA PREÁ!;22823
FROM THE LAND OF THE MOON;22703
DOWNTON ABBEY: THE GRAND FINALE;22574
PINK FLOYD AT POMPEII – MCMLXXII;22561
EL ULTIMO LLAMADO DE MARÍA;22501
MADRES PARALELAS;22462
DARK CRIMES;22457
DEUX MOI;22437
HOTEL ARTEMIS;22423
PEPPA'S CINEMA PARTY;22386
SOLO LEVELING – REAWAKENING;22369
DOUBLES VIES;22320
LUIZ GONZAGA - LEGUA TIRANA;22246
PRONTO, FALEI. E A HISTÓRIA DE COMO ISSO ACONTECEU;22204
GHOSTBUSTERS 2;21971
FATHER MOTHER SISTER BROTHER;21956
WARFARE;21879
MY HERO ACADEMIA: YOU'RE NEXT;21820
NADA SERÁ COMO ANTES - A MÚSICA DO CLUBE DA ESQUINA;21781
SNEAKS;21715
AH-GA-SSI;21638
THE GENTLEMEN;21583
THE FATHER;21551
PROMISING YOUNG WOMAN;21551
MEU SANGUE FERVE POR VOCÊ;21494
PERFEKTA, UMA AVENTURA DA ESCOLA DE GÊNIOS;21493
PEIXONAUTA: O FILME;21444
THE THREE MUSKETEERS: MILADY;21309
NO OTHER CHOICE;21237
ALL OF US STRANGERS;21191
THE RETURN;21013
L'AVENIR;21009
THE PROMISE;20969
DREAM SCENARIO;20893
GENIUS;20892
IL SOL DELL'AVVENIRE;20791
SPLITSVILLE;20757
ADAM;20671
TOP GUN;20628
ANGELA;20576
THE CURRENT WAR;20511
THE TIGER'S NEST;20503
THE CONJURING;20454
LE TRÉSOR DU PETIT NICOLAS;20393
BILL & TED FACE THE MUSIC;20390
O GÊNIO DO CRIME;20369
BTS 2017 THE WINGS TOUR THE FINAL;20275
MARIE FRANCINE;20223
MISSING LINK;20217
SEPTEMBER 5;20175
INEXPLICÁVEL;20131
FINDING YOUR FEET;20096
PARAÍSO PERDIDO;20050
24 HOURS TO LIVE;20018
CAPTAIN AMERICA: CIVIL WAR;19931
LOVE AND FRIENDSHIP;19861
E.T. THE EXTRA-TERRESTRIAL;19843
BLINDED BY THE LIGHT;19827
SEXO E DESTINO;19809
MORANDO COM O CRUSH;19711
THE SECRET: DARE TO DREAM;19617
DEAD OF WINTER;19614
TESTRÖL ÉS LÉLEKRÖL;19614
SONG SUNG BLUE;19610
MONSTER FAMILY 2;19603
DRONNINGEN;19545
PERFEITOS DESCONHECIDOS;19490
MY BLIND DATE WITH LIFE;19483
HOKUM;19457
THE UPSIDE;19446
SOLTEIRA QUASE SURTANDO;19428
NÃO TEM VOLTA;19371
SIR;19331
SPRINGSTEEN: DELIVER ME FROM NOWHERE;19286
THE DINNER;19240
MAFIA MAMMA;19191
TWO POPES;18973
THE TWILIGHT SAGA: ECLIPSE;18930
PARIS, TEXAS;18843
ONE OF THEM DAYS;18802
SAUDOSA MALOCA;18782
CEZANE ET MOI;18771
NO INTENSO AGORA;18674
SUBMERGENCE;18645
SONG TO SONG;18587
A PAIXÃO SEGUNDO G.H;18556
BTS 2021 MUSTER SOWOOZOO REMASTERED;18498
HIM;18464
AS HERDEIRAS;18439
THE SON;18413
UM LOBO ENTRE OS CISNES;18363
MÉDECIN DE CAMPAGNE;18260
MON CRIME;18259
EIKE, TUDO OU NADA;18170
BROS;18091
L'HOMME FIDÈLE;17968
AN CAILÍN CIÚIN;17899
LES GRAND ESPRITS;17883
A FAMILY MAN;17768
LA CORRISPONDENZA;17758
LUNANA, A YAK IN THECLASSROOM;17753
HAMILTON;17673
BATTLE OF THE SEXES;17662
MEN;17643
RENTAL FAMILY;17582
UM DIA CINCO ESTRELAS;17494
L'ÉCHANGE DES PRINCESSES;17487
PLEASE STAND BY;17475
OPIEKUN;17447
THE MAN WHO KNEW INFINITY;17418
DYLDA;17382
LA GRAZIA;17248
BTS 2016 HYYH ON STAGE : EPILOGUE REMASTERED;17215
6 BELOW: MIRACLE ON THE MOUNTAIN;17192
BEAUTIFUL BOY;17180
TAINÁ E OS GUARDIÕES DA AMAZÔNIA - EM BUSCA DA FLECHA AZUL;17180
DENIAL;17176
CINCO TIPOS DE MEDO;17105
KEDI;17060
THE WIZARD OF THE KREMLIN;17025
APAIXONADA;17007
BOY KILLS WORLD;16993
JAWS;16990
THE MARSH KING'S DAUGHTER;16918
AL FINAL DEL TUNEL;16876
OLDBOY;16845
MANAS;16844
MAVKA: THE FOREST SONG;16782
THE ROUNDUP;16762
THE CHILDREN ACT;16732
MEU AMIGÃOZÃO - O FILME;16610
MI OBRA MAESTRA;16605
TONI ERDMANN;16560
DON'T WORRY, HE WON'T GET FAR ON FOOT;16558
LORD OF MISRULES;16490
FRANTZ;16488
L'HEURE DE LA SORTIE;16476
THE LITTLE THINGS;16474
FLORENCE FOSTER JENKINS;16465
C'EST LA VIE;16448
MARIA BY CALLAS;16396
MARIA - NINGUÉM SABE QUEM SOU EU;16392
EMILY;16306
THE TWILIGHT SAGA: BREAKING DAWN PART 2;16282
BAD SAMARITAN;16212
LE REDOUBTABLE;16195
LOGAN LUCKY;16167
CÂNCER COM ASCENDENTE EM VIRGEM;16069
THE DIVE;16065
BETWEEN TWO WORLDS;16013
DESTROYER;15992
ANTES QUE EU ME ESQUEÇA;15978
JOAQUIM;15972
MALLANDRO, O ERRADO QUE DEU CERTO;15876
LAST FLAG FLYING;15811
DE REPENTE, MISS!;15759
CORPO ELÉTRICO;15740
SMETTO QUANDO VOGLIO;15717
TITO E OS PÁSSAROS;15699
EPIC: ELVIS PRESLEY IN CONCERT;15691
THE ELFKINS - BAKING A DIFFERENCE;15656
DESLEMBRO;15595
BERNADETTE;15554
WHO YOU THINK I AM;15542
KIKI,EL AMOR SE HACE;15530
MONONOKE HIME;15525
NAPSZÁLLTA;15474
VISAGES VILLAGES;15453
ULTIMOS DIAS EN LA HABANA;15448
MEILLEUR RESTE À VENIR, LE;15442
TRAIÇÃO ENTRE AMIGAS;15313
IF BEALE STREET COULD TALK;15307
IF I HAD LEGS I'D KICK YOU;15300
THE MOMENT;15237
THE NOTEBOOK;15048
THE CURSED: DEAD MAN'S PREY;14975
PRIDE & PREJUDICE;14966
MY SPY;14956
CI´ANCORA DOMANI;14869
#RUNSEOKJIN_EP.TOUR THE MOVIE;14851
3 OBÁS DE XANGÔ;14833
HURRY UP TOMORROW;14832
ZUZUBALANDIA O FILME;14774
LA VITTA IN COMUNE;14725
MÃE FORA DA CAIXA;14711
MRS. HARRIS GOES TO PARIS;14671
X-MEN: APOCALYPSE;14641
INHEBEK HEDI;14605
THE SUN IS ALSO A STAR;14591
CENTRAL - O FILME;14584
LUCICREIDE VAI PRA MARTE;14503
LOOK AWAY;14465
MANIFESTO;14398
VIRGÍNIA E ADELAIDE;14393
CHERNOBYL: ABYSS;14379
FEVEREIROS;14375
QUAND VIENT L’AUTOMNE;14316
UNDERWORLD;14291
IRMÃO DO JOREL: EDIÇÃO ESPECIAL ALUCINANTE;14224
WHAT THEY HAD;14197
THE GREAT ESCAPER;14165
A MONSTER CALLS;14159
DOIS MAIS DOIS;14150
TEU MUNDO NÃO CABE NOS MEUS OLHOS;14120
QUATRO AMIGAS NUMA FRIA;14090
PRIDE AND PREJUDICE;14079
DRÔLES D'OISEAUX;14020
RAMEN TEH;14009
INDIGNATION;13971
TARSILINHA;13946
VIDENTE POR ACIDENTE;13945
JUSQU'À LA GARDE;13910
BTS WORLD TOUR ‘ARIRANG’ IN GOYANG: LIVE VIEWING;13909
SEQUESTRO RELÂMPAGO;13899
FATHER STU;13894
TWICE: ONE IN A MILL1ON;13869
THE IRISHMAN;13829
FRANCOFONIA;13819
BTS WORLD TOUR ‘ARIRANG’ IN JAPAN LIVE VIEWING;13766
BIXA TRAVESTY;13727
LOVELESS;13699
POKÉMON THE MOVIE: I CHOOSE YOU!;13685
WHEELY;13607
SHOW ME THE FATHER;13602
AMIGO SECRETO;13576
O JARDIM DAS AFLIÇÕES;13555
GOOD TIME;13553
ZOOTOPIA;13539
THE KILLING OF A SACRED DEER;13533
LES BEAUX JOURS D'ARANJUEZ;13530
EL ROBO DEL SIGLO;13525
À PROPOS DE JOAN;13520
SKETCH;13520
TCHAIKOVSKY'S WIFE;13487
OFFICIAL SECRETS;13464
TILL;13439
KOLLEKTIVET;13331
PUREZA;13287
AKIK MARADTAK;13278
THE TEACHER´S LOUNGE;13246
IL COLORE NASCOSTO DELLE COSE;13243
TIRE 5 CARTAS;13221
KAYARA;13201
TOIVON TUOLLA PUOLEN;13177
THE WIZARD OF OZ;13169
MON INCONNUE;13140
THE BEATLES: EIGHT DAYS A WEEK - THE TOURING YEARS;13045
ABOUT MY FATHER;13030
PERLIMPS;13008
1945;13000
MY NEIGHBOR ADOLF;12984
MY BIG FAT GREEK WEDDING 3;12949
BENEDETTA;12947
IRON MAIDEN: BURNING AMBITION;12939
THE VOICE OF HIND RAJAB;12931
ZHONG QUAN BA GONG;12919
TESTAMENT;12914
ES WAR EINMAL IN DEUTSCHLAND...;12899
A HORA DA ESTRELA;12886
LA FRENCH;12847
THE DOCTOR FROM INDIA;12844
POMS;12837
THE MEDDLER;12829
RODIN;12805
VIVA A VIDA;12772
SOUNDTRACK;12746
120 BATTEMENTS PAR MINUTE;12732
ATEEZ WORLD TOUR TOWARDS THE LIGHT  WILL TO POWER;12702
LA CAMÉRA DE CLAIRE;12682
WARCRAFT;12677
DEPOIS A LOUCA SOU EU;12677
QUEM VAI FICAR COM MÁRIO;12675
DWIE KORONY;12669
THE CARPENTER´S SON;12642
SHE SAID;12638
PARTHENOPE;12598
UMI YORI MO MADA FUKAKU;12573
EZRA;12545
MANOU THE SWIFT;12541
STRONGER;12479
2 DIE 4;12429
UNTIL FOREVER;12376
ON YOGA - ARQUITETURA DA PAZ;12358
AVEC AMOUR ET ACHARNEMENT;12338
LOVE HURTS;12324
UN AMOUR IMPOSSIBLE;12292
THE DEATH OF STALIN;12288
ONE DIRECTION: THIS IS US;12252
NOCES;12219
THE GODFATHER;12217
VISIONS;12211
20TH CENTURY WOMEN;12208
PARANORMAN;12202
GOLDBEAK;12197
FREE STATE OF JONES;12184
SUSPIRIA;12161
CELEBRITY PLASTIC SURGEONS OF BEVERLY HILLS;12151
POESÍA SIN FIN;12134
C'MON C'MON;12123
THE JUNGLE BOOK;12099
ARNAUD FAIT SON 2E FILM;12083
OS ENFORCADOS;12075
ALICE IN TERRORLAND;11972
FRANKIE;11957
BLACK WATER: ABYSS;11923
AMORI CHE NON SANNO STARE AL MONDO;11909
LOOK BACK;11898
EDDINGTON;11868
CRIMES OF THE FUTURE;11827
L'ADIEU À LA NUIT;11818
ARMAGEDDON TIME;11809
#SALVEROSA;11752
PROJECT SEKAI THE MOVIE: KOWARETA SEKAI TO UTAENAI MIKU;11714
ISHA OVEDET;11707
VIVO;11692
BROKER;11679
AMANDA;11664
AKU WA SONZAI SHINAI;11657
DETROIT;11650
DEAR EVAN HANSEN;11547
O JUÍZO;11536
GRINGO;11524
UNA STORIA SENZA NOME;11509
THE IRON CLAW;11490
HANNAH;11482
DEADPOOL;11455
COMPLÈTEMENT CRAMÉ!;11446
L'AMANT D'UN JOUR;11438
ARIANO APRESENTA: O AUTO DA BOA MENTIRA;11414
BRING ME THE HORIZON - L.I.V.E. IN SÃO PAULO (LIVE IMMERSIVE VIRTUAL EXPERIMENT);11389
FERVO;11379
SYNONYMES;11359
THE UNBREAKABLE BOY;11341
ANGRY BIRDS;11337
AN OFFICER AND A SPY;11329
EL MAYOR REGALO;11308
THE SEED OF HE SACRED FIG;11288
MUDBOUND;11230
ESTIU 1993;11206
DOGMAN;11201
FILM STARS DON'T DIE IN LIVERPOOL;11140
MARKED MAN - CHAPTER 1;11135
UMA NOVA HISTÓRIA;11118
THE GOOD DINOSAUR;11111
GHOST: RITE HERE RITE NOW;11100
THE COMEBACK TRAIL;11100
LILLE ALLAN - DEN MENNESKELIGE ANTENNE;11086
O HOMEM PERFEITO;11076
TODAS AS MANHÃS DO MUNDO;11068
AVASSALADORAS 2.0;11038
O AMOR DÁ VOLTAS;11027
CHOCOLAT;11020
PERSONAL SHOPPER;11014
MUSEO;11004
BOUNDARIES;10985
OMC - HOW BIZARRE;10977
ELEVATION;10909
SONHAR COM LEÕES;10871
ENTERRE SEUS MORTOS;10856
MILEY CYRUS: SOMETHING BEAUTIFUL;10810
ATÉ QUE A SORTE NOS SEPARE 3;10809
THE BIG SICK;10788
THE OLD OAK;10743
VALE NIGHT;10734
NOTHING LIKE A DAME;10728
BEDOUNE TARIKH, BEDOUNE EMZA;10724
MÃE SÓ HÁ UMA;10720
BONHOEFFER: PASTOR. SPY. ASSASSIN;10685
LITTLE MISS DOLITTLE;10680
HARRY POTTER AND THE SORCERER'S STONE;10663
TWO WITCHES;10654
MOTORRAD;10612
LUTAR, LUTAR, LUTAR;10545
MOTHERLESS BROOKLYN;10537
BURNING;10537
SUPER/MAN: THE CHRISTOPHER REEVE STORY;10536
RAPITO;10524
THE RADLEYS;10493
LIZZIE;10478
THE MERCY;10458
SYMPATHY FOR THE DEVIL;10439
SOUNDTRACK TO A COUP D’ETAT;10437
SUMMER OF 84;10412
LES FAUSSES CONFIDENCES;10408
MAGGIE'S PLAN;10404
A MAN CALLED OVE;10398
ELSER;10345
AS DUAS IRENES;10318
ANNA KARENINA. ISTORIYA VRONSKOGO;10301
FAI BEI SOGNI;10275
NA RÉDEA CURTA;10249
WORLDS APART;10195
MAESTRO;10193
ARISTOTLE AND DANTE DISCOVER THE SECRET OF THE UNIVERSE;10190
THE LAST BUS;10174
SAGE FEMME;10134
NEW LIFE;10078
BEETLEJUICE;10061
LA PAZZA GIOIA;10011
